,,Overall,,,,,,Conf.,,Home,,Away,,Points,,,School Totals,,,,,,,,,,,,,,,,,
Rk,School,G,W,L,W-L%,SRS,SOS,W,L,W,L,W,L,Tm.,Opp.,,MP,FG,FGA,FG%,3P,3PA,3P%,FT,FTA,FT%,ORB,TRB,AST,STL,BLK,TOV,PF,
1,Abilene Christian,32,16,16,0.5,-9.14,-6.82,8,10,9,6,6,9,2359,2279,,1290,870,1874,0.464,213,656,0.325,406,579,0.701,305,1093,482,260,128,461,671,
2,Air Force,31,12,19,0.387,-4.31,1.72,6,12,9,7,3,10,2124,2244,,1245,733,1751,0.419,250,755,0.331,408,556,0.734,302,1014,445,201,78,391,557,
3,Akron,32,14,18,0.438,-6.82,-1.92,6,12,12,4,2,10,2296,2411,,1295,793,1823,0.435,305,848,0.36,405,582,0.696,300,1066,417,189,81,440,637,
4,Alabama A&M,31,3,28,0.097,-23.97,-8.04,3,15,2,9,1,18,1873,2367,,1245,673,1697,0.397,182,601,0.303,345,533,0.647,328,1046,340,123,49,514,506,
5,Alabama-Birmingham,33,20,13,0.606,4.9,-0.65,10,8,14,3,5,6,2536,2303,,1330,945,1939,0.487,223,647,0.345,423,564,0.75,334,1259,559,178,126,437,490,
6,Alabama State,31,8,23,0.258,-18.55,-8.62,8,10,4,8,4,13,2129,2437,,1245,751,1838,0.409,209,638,0.328,418,647,0.646,394,1131,314,169,130,437,648,
7,Alabama NCAA,36,20,16,0.556,12.34,10.64,8,10,12,4,2,8,2604,2543,,1440,910,1975,0.461,229,702,0.326,555,828,0.67,358,1290,458,228,192,513,676,
8,Albany (NY),32,22,10,0.688,0.01,-5.41,10,6,14,3,8,7,2375,2182,,1280,839,1836,0.457,184,502,0.367,513,680,0.754,377,1191,405,150,91,371,528,
9,Alcorn State,32,11,21,0.344,-18.07,-8.6,7,11,9,5,2,16,2244,2388,,1285,791,1824,0.434,239,697,0.343,423,598,0.707,304,1104,419,200,85,459,613,
10,American,30,6,24,0.2,-14.63,-6.17,3,15,4,8,2,16,1961,2215,,1205,698,1615,0.432,239,709,0.337,326,491,0.664,238,869,367,217,98,413,550,
11,Appalachian State,33,15,18,0.455,-4.81,-2.65,9,9,9,4,4,11,2520,2448,,1340,864,1983,0.436,292,859,0.34,500,749,0.668,389,1291,411,198,117,457,627,
12,Arizona State NCAA,32,20,12,0.625,14.37,6.56,8,10,13,4,4,6,2645,2395,,1290,889,1920,0.463,288,793,0.363,581,793,0.733,315,1127,458,209,114,343,604,
13,Arizona NCAA,35,27,8,0.771,15.67,6.84,14,4,15,1,8,3,2818,2509,,1420,1009,2004,0.503,237,642,0.369,563,741,0.76,352,1277,531,173,158,426,603,
14,Arkansas-Little Rock,32,7,25,0.219,-10.44,-2.21,4,14,5,10,2,14,2038,2242,,1300,750,1755,0.427,200,623,0.321,338,553,0.611,322,1088,391,159,93,459,612,
15,Arkansas-Pine Bluff,35,14,21,0.4,-14.84,-9.36,12,6,7,3,6,13,2307,2499,,1410,815,1863,0.437,217,660,0.329,460,681,0.675,277,1024,427,275,144,500,684,
16,Arkansas State,32,11,21,0.344,-9.65,-3.02,6,12,7,7,4,13,2369,2523,,1290,842,1910,0.441,236,695,0.34,449,625,0.718,354,1071,341,215,94,419,589,
17,Arkansas NCAA,35,23,12,0.657,14.76,9.85,10,8,15,2,3,7,2819,2647,,1415,1005,2119,0.474,269,681,0.395,540,793,0.681,350,1208,501,218,163,381,700,
18,Army,30,13,17,0.433,-8.62,-7.17,6,12,6,5,4,12,2230,2223,,1205,820,1845,0.444,295,771,0.383,295,448,0.658,300,1074,501,170,83,403,593,
19,Auburn NCAA,34,26,8,0.765,15.97,7.29,13,5,15,1,7,4,2783,2488,,1360,906,2102,0.431,324,908,0.357,647,836,0.774,403,1290,481,252,180,411,672,
20,Austin Peay,34,19,15,0.559,-3.28,-2.49,12,6,13,5,5,9,2512,2446,,1370,916,2013,0.455,202,592,0.341,480,737,0.651,443,1209,453,225,103,478,671,
21,Ball State,32,19,13,0.594,-1.22,-1.99,10,8,14,2,5,10,2410,2362,,1295,856,1895,0.452,245,727,0.337,453,643,0.705,318,1210,453,170,112,423,547,
22,Baylor,34,19,15,0.559,14.59,9.17,8,10,15,5,2,9,2571,2369,,1375,941,2007,0.469,217,608,0.357,470,640,0.734,400,1292,516,185,152,463,608,
23,Belmont,33,24,9,0.727,5.54,-2.88,15,3,14,2,9,6,2562,2284,,1320,901,1853,0.486,378,1005,0.376,382,517,0.739,258,1133,529,161,82,410,531,
24,Bethune-Cookman,32,18,14,0.563,-12.21,-12.48,12,4,10,3,8,10,2621,2543,,1290,904,2040,0.443,241,759,0.318,574,819,0.701,424,1346,501,202,123,507,670,
25,Binghamton,31,11,20,0.355,-10.29,-6.36,2,14,7,7,3,12,2147,2181,,1245,787,1775,0.443,235,671,0.35,338,528,0.64,283,1066,376,170,131,381,522,
26,Boise State,32,23,9,0.719,11.21,3.05,13,5,15,1,6,6,2502,2210,,1300,878,1903,0.461,307,809,0.379,439,595,0.738,318,1232,427,183,70,433,573,
27,Boston College,35,19,16,0.543,9,7.2,7,11,14,3,2,11,2673,2610,,1415,948,2105,0.45,298,831,0.359,479,646,0.741,370,1293,492,175,110,441,570,
28,Boston University,31,15,16,0.484,-8.34,-5.84,10,8,6,7,9,9,2186,2226,,1240,800,1730,0.462,229,614,0.373,357,559,0.639,296,1044,420,229,103,427,531,
29,Bowling Green State,32,16,16,0.5,-6.38,-2.88,7,11,9,6,6,9,2429,2490,,1305,827,1963,0.421,241,690,0.349,534,730,0.732,372,1226,425,189,82,408,569,
30,Bradley,33,20,13,0.606,2.08,0.36,9,9,13,2,4,9,2223,2136,,1320,768,1788,0.43,217,613,0.354,470,665,0.707,359,1178,447,214,132,441,626,
31,Brigham Young,35,24,11,0.686,8.04,1.53,11,7,13,3,7,6,2600,2372,,1415,919,1905,0.482,225,649,0.347,537,716,0.75,242,1146,533,224,133,403,596,
32,Brown,27,11,16,0.407,-7.78,-4.67,4,10,8,5,3,11,2080,2133,,1100,695,1631,0.426,186,588,0.316,504,667,0.756,310,988,338,174,81,364,565,
33,Bryant,31,3,28,0.097,-18.75,-5.43,2,16,1,11,2,17,2169,2582,,1245,771,1881,0.41,259,755,0.343,368,522,0.705,312,999,417,190,43,401,600,
34,Bucknell NCAA,35,25,10,0.714,4.48,-3.46,16,2,15,1,10,8,2837,2559,,1420,965,2050,0.471,280,804,0.348,627,872,0.719,324,1281,505,194,152,437,655,
35,Buffalo NCAA,36,27,9,0.75,7.99,0.25,15,3,14,1,8,5,3047,2742,,1455,1105,2334,0.473,351,948,0.37,486,695,0.699,426,1388,597,225,146,446,755,
36,Butler NCAA,35,21,14,0.6,16.92,10.55,9,9,14,3,3,7,2763,2540,,1430,1020,2155,0.473,287,805,0.357,436,562,0.776,319,1198,489,232,100,391,642,
37,Cal Poly,31,9,22,0.29,-11.55,-1.83,4,12,7,6,1,13,2082,2302,,1270,721,1817,0.397,267,745,0.358,373,478,0.78,291,1034,372,154,122,366,565,
38,Cal State Bakersfield,30,12,18,0.4,-6.58,-0.73,5,9,8,4,3,12,1981,2068,,1200,697,1670,0.417,185,613,0.302,402,578,0.696,341,1068,387,182,87,416,597,
39,Cal State Fullerton NCAA,32,20,12,0.625,-0.92,-1.02,10,6,9,4,7,7,2318,2245,,1290,804,1721,0.467,167,500,0.334,543,745,0.729,276,1123,403,201,106,455,578,
40,Cal State Northridge,30,6,24,0.2,-13.51,-3.55,3,13,4,9,2,13,1983,2206,,1215,731,1689,0.433,186,514,0.362,335,473,0.708,247,941,366,149,74,365,533,
41,UC-Davis,33,22,11,0.667,0.94,-1.84,12,4,10,2,9,7,2388,2241,,1360,835,1795,0.465,213,572,0.372,505,704,0.717,265,1064,402,232,77,425,644,
42,UC-Irvine,35,18,17,0.514,-0.21,-0.33,11,5,7,5,7,10,2440,2350,,1410,900,2061,0.437,220,657,0.335,420,593,0.708,420,1443,430,178,140,487,719,
43,UC-Riverside,31,9,22,0.29,-8.5,-1.53,4,12,6,8,3,13,2024,2163,,1245,716,1780,0.402,185,597,0.31,407,579,0.703,312,1089,387,190,95,428,617,
44,UC-Santa Barbara,32,23,9,0.719,2.1,-3.36,11,5,12,2,9,6,2425,2211,,1285,877,1891,0.464,257,674,0.381,414,594,0.697,326,1176,481,154,118,337,536,
45,University of California,32,8,24,0.25,-3.4,6.06,2,16,5,12,3,8,2166,2483,,1285,767,1887,0.406,148,518,0.286,484,717,0.675,426,1140,313,220,154,470,648,
46,Campbell,34,18,16,0.529,-5.68,-6.68,10,8,14,4,4,11,2581,2412,,1370,891,1867,0.477,313,806,0.388,486,648,0.75,229,1085,482,228,137,403,579,
47,Canisius,33,21,12,0.636,0.44,-4.8,15,3,11,3,8,8,2519,2346,,1325,901,1942,0.464,304,874,0.348,413,581,0.711,335,1101,553,232,95,430,624,
48,Central Arkansas,35,18,17,0.514,-5.83,-5.97,10,8,9,5,8,11,2819,2766,,1425,980,2162,0.453,286,804,0.356,573,780,0.735,354,1271,565,233,180,480,690,
49,Central Connecticut State,32,14,18,0.438,-11.62,-7.59,7,11,8,4,6,14,2171,2300,,1305,788,1740,0.453,198,601,0.329,397,568,0.699,321,1130,396,161,107,473,549,
50,Central Florida,32,19,13,0.594,4.75,3.75,9,9,12,4,5,6,2007,1975,,1285,690,1627,0.424,177,538,0.329,450,702,0.641,305,1108,339,169,111,431,488,
51,Central Michigan,36,21,15,0.583,-1.39,-3.24,7,11,12,5,6,9,2835,2661,,1465,953,2187,0.436,356,1038,0.343,573,711,0.806,398,1305,492,228,119,417,573,
52,Charleston Southern,31,15,16,0.484,-8.15,-6.15,9,9,9,6,6,10,2232,2133,,1260,802,1793,0.447,208,631,0.33,420,581,0.723,345,1071,368,224,106,408,517,
53,Charlotte,29,6,23,0.207,-10.13,0.27,2,16,4,11,2,12,2066,2317,,1165,706,1634,0.432,198,563,0.352,456,637,0.716,269,990,319,165,65,428,524,
54,Chattanooga,33,10,23,0.303,-11.09,-4.05,3,15,8,8,1,14,2289,2424,,1345,784,1804,0.435,276,776,0.356,445,626,0.711,306,1072,421,166,69,460,507,
55,Chicago State,32,3,29,0.094,-21.53,1.17,1,13,3,8,0,19,2171,2756,,1280,774,1898,0.408,169,549,0.308,454,627,0.724,323,1042,367,232,81,483,697,
56,Cincinnati NCAA,36,31,5,0.861,20.25,3.53,16,2,15,1,9,2,2673,2071,,1440,944,2100,0.45,262,742,0.353,523,756,0.692,477,1413,570,256,194,404,561,
57,Citadel,32,11,21,0.344,-13.63,-2.94,5,13,7,8,3,12,2639,2819,,1290,889,2148,0.414,386,1133,0.341,475,673,0.706,374,1183,528,301,99,477,586,
58,Clemson NCAA,35,25,10,0.714,17.17,9.25,11,7,15,1,4,6,2584,2307,,1410,899,1971,0.456,288,786,0.366,498,660,0.755,310,1256,463,198,169,414,564,
59,Cleveland State,35,12,23,0.343,-10.82,-3.64,6,12,7,7,2,15,2402,2613,,1410,853,1965,0.434,294,863,0.341,402,572,0.703,270,1063,456,231,90,458,595,
60,Coastal Carolina,32,14,18,0.438,-3.91,-2.4,8,10,7,9,5,7,2298,2241,,1290,787,1813,0.434,218,660,0.33,506,702,0.721,388,1243,418,171,116,479,608,
61,Colgate,33,19,14,0.576,-4.86,-5.73,12,6,13,3,6,11,2394,2315,,1320,829,1897,0.437,309,856,0.361,427,552,0.774,295,1083,426,201,110,363,542,
62,College of Charleston NCAA,34,26,8,0.765,1.83,-3.29,14,4,14,0,7,6,2536,2331,,1385,875,1905,0.459,259,721,0.359,527,699,0.754,285,1129,387,177,119,339,563,
63,Colorado State,32,11,21,0.344,-3.86,3.79,4,14,8,8,3,10,2314,2537,,1295,811,1941,0.418,225,684,0.329,467,651,0.717,375,1200,409,190,102,426,624,
64,Colorado,32,17,15,0.531,6.07,7,8,10,12,3,1,10,2307,2337,,1295,810,1840,0.44,241,673,0.358,446,612,0.729,324,1198,409,140,122,451,619,
65,Columbia,27,8,19,0.296,-5.64,-3.02,5,9,7,5,1,14,2062,2085,,1090,746,1686,0.442,269,733,0.367,301,407,0.74,277,962,384,177,93,338,504,
66,Connecticut,32,14,18,0.438,1.08,6.05,7,11,11,5,2,9,2181,2340,,1300,762,1832,0.416,215,659,0.326,442,593,0.745,324,1096,334,190,119,403,592,
67,Coppin State,32,5,27,0.156,-20.97,-7.25,5,11,4,6,1,20,1945,2384,,1305,657,1824,0.36,265,869,0.305,366,497,0.736,273,1082,338,172,82,462,649,
68,Cornell,28,12,16,0.429,-8.8,-3.24,6,8,8,4,4,11,2124,2250,,1150,744,1613,0.461,217,639,0.34,419,574,0.73,232,961,449,144,97,376,498,
69,Creighton NCAA,33,21,12,0.636,16.35,8.1,10,8,16,2,4,7,2756,2444,,1330,1008,2050,0.492,343,923,0.372,397,531,0.748,246,1206,588,187,88,371,501,
70,Dartmouth,27,7,20,0.259,-10.31,-4,3,11,6,6,1,14,1841,1970,,1085,651,1454,0.448,200,557,0.359,339,475,0.714,208,847,359,152,86,365,421,
71,Davidson NCAA,33,21,12,0.636,11.02,2.57,13,5,11,1,6,8,2519,2240,,1335,899,1874,0.48,353,907,0.389,368,461,0.798,225,1078,551,155,65,315,503,
72,Dayton,31,14,17,0.452,1.64,2.7,8,10,12,4,1,10,2244,2277,,1260,804,1671,0.481,248,736,0.337,388,531,0.731,240,965,488,162,78,425,510,
73,Delaware State,32,4,28,0.125,-24.59,-9.32,2,14,4,9,0,18,2034,2458,,1300,742,1781,0.417,192,591,0.325,358,516,0.694,337,1066,348,189,83,489,560,
74,Delaware,33,14,19,0.424,-6.93,-2.96,6,12,7,8,4,10,2338,2428,,1330,859,1880,0.457,192,584,0.329,428,657,0.651,314,1150,386,164,75,354,554,
75,Denver,30,15,15,0.5,-5.22,-2.54,8,6,10,4,3,9,2192,2189,,1220,803,1699,0.473,211,527,0.4,375,540,0.694,311,1107,452,129,72,451,561,
76,DePaul,31,11,20,0.355,6.55,8.45,4,14,6,10,4,7,2230,2289,,1245,819,1912,0.428,194,626,0.31,398,562,0.708,383,1160,465,200,94,430,553,
77,Detroit Mercy,32,8,24,0.25,-12.47,-2.07,4,14,5,11,2,11,2516,2743,,1285,883,2031,0.435,281,815,0.345,469,621,0.755,334,1114,436,212,88,435,649,
78,Drake,34,17,17,0.5,-0.51,0.59,10,8,11,3,4,11,2506,2495,,1390,862,1972,0.437,289,795,0.364,493,640,0.77,274,1158,504,204,86,412,530,
79,Drexel,33,13,20,0.394,-7.2,-2.48,6,12,9,5,2,11,2454,2591,,1340,880,1994,0.441,227,699,0.325,467,646,0.723,369,1197,380,176,138,409,583,
80,Duke NCAA,37,29,8,0.784,24.44,9.71,13,5,15,1,6,5,3121,2576,,1490,1125,2288,0.492,309,831,0.372,562,791,0.71,492,1519,648,275,185,460,574,
81,Duquesne,32,16,16,0.5,-1.08,-3.33,7,11,13,6,2,7,2317,2245,,1310,801,1874,0.427,261,745,0.35,454,663,0.685,387,1149,382,186,140,383,598,
82,East Carolina,30,10,20,0.333,-8.72,-0.22,4,14,8,11,2,8,1993,2248,,1215,741,1723,0.43,182,597,0.305,329,494,0.666,292,1020,388,148,93,431,530,
83,East Tennessee State,34,25,9,0.735,3.72,-4.09,14,4,12,4,11,4,2556,2241,,1360,926,1957,0.473,244,711,0.343,460,648,0.71,352,1265,500,265,146,454,613,
84,Eastern Illinois,31,12,19,0.387,-8.33,-3.4,7,11,7,6,4,12,2065,2120,,1245,732,1726,0.424,224,627,0.357,377,551,0.684,331,1064,392,182,138,417,509,
85,Eastern Kentucky,31,11,20,0.355,-10.57,-3.68,5,13,6,7,5,12,2230,2371,,1245,778,1779,0.437,226,638,0.354,448,600,0.747,290,1022,405,193,113,401,542,
86,Eastern Michigan,35,22,13,0.629,-0.23,-2.81,11,7,14,3,7,9,2509,2339,,1415,933,2010,0.464,234,698,0.335,409,599,0.683,353,1230,450,303,227,447,559,
87,Eastern Washington,35,20,15,0.571,-0.03,-1.55,13,5,11,1,6,12,2619,2520,,1410,936,2017,0.464,310,828,0.374,437,572,0.764,255,1163,440,185,106,402,667,
88,Elon,32,14,18,0.438,-6.89,-1.69,6,12,8,5,4,12,2346,2437,,1320,842,1916,0.439,337,966,0.349,325,457,0.711,256,1140,507,140,66,373,494,
89,Evansville,32,17,15,0.531,0.69,1.35,7,11,15,3,2,10,2094,2045,,1285,730,1652,0.442,184,449,0.41,450,581,0.775,240,1057,409,190,92,431,568,
90,Fairfield,33,17,16,0.515,-4.98,-3.68,9,9,10,3,3,10,2506,2549,,1345,881,2009,0.439,303,893,0.339,441,621,0.71,301,1159,487,211,95,421,663,
91,Fairleigh Dickinson,31,13,18,0.419,-10.42,-5.66,9,9,8,5,5,13,2313,2350,,1240,842,1868,0.451,213,623,0.342,416,573,0.726,339,1067,416,220,100,426,561,
92,Florida A&M,34,9,25,0.265,-19.22,-8.34,7,9,6,4,2,20,2343,2684,,1385,831,1981,0.419,217,616,0.352,464,641,0.724,344,1094,370,194,104,471,612,
93,Florida Atlantic,31,12,19,0.387,-5.36,-0.14,6,12,7,7,4,10,2155,2172,,1245,790,1928,0.41,179,550,0.325,396,537,0.737,357,1194,376,182,124,393,556,
94,Florida Gulf Coast,35,23,12,0.657,1.93,-5.44,12,2,14,6,9,6,2847,2515,,1400,1045,2117,0.494,254,699,0.363,503,680,0.74,368,1338,535,256,97,494,653,
95,Florida International,32,14,18,0.438,-4.3,-1.99,8,10,11,7,3,9,2262,2278,,1310,815,1913,0.426,203,632,0.321,429,704,0.609,321,1151,387,242,102,354,585,
96,Florida State NCAA,35,23,12,0.657,15.79,8.5,9,9,13,2,4,7,2806,2551,,1420,994,2124,0.468,273,781,0.35,543,786,0.691,393,1322,523,241,186,456,652,
97,Florida NCAA,34,21,13,0.618,16.67,10.08,11,7,12,5,5,4,2577,2353,,1375,893,2065,0.432,308,832,0.37,483,673,0.718,366,1199,445,236,164,335,591,
98,Fordham,31,9,22,0.29,-6.74,1.26,4,14,8,9,1,10,1931,2179,,1250,692,1680,0.412,227,787,0.288,320,452,0.708,198,884,419,283,74,386,491,
99,Fresno State,32,21,11,0.656,8.17,1.84,11,7,12,5,8,5,2459,2201,,1295,885,1805,0.49,216,548,0.394,473,682,0.694,293,1082,415,217,104,384,626,
100,Furman,33,23,10,0.697,4.43,-3.64,13,5,13,3,7,6,2619,2260,,1325,942,2006,0.47,338,950,0.356,397,557,0.713,316,1157,526,265,72,382,531,
101,Gardner-Webb,32,14,18,0.438,-9.68,-3.79,9,9,11,2,3,13,2258,2307,,1300,822,1850,0.444,236,676,0.349,378,526,0.719,297,1142,415,195,92,437,568,
102,George Mason,33,16,17,0.485,-2.99,0.83,9,9,10,7,5,7,2371,2497,,1345,841,1949,0.432,230,705,0.326,459,619,0.742,329,1213,378,200,96,425,541,
103,George Washington,33,15,18,0.455,-0.72,2.13,7,11,13,5,1,10,2225,2319,,1320,832,1861,0.447,180,561,0.321,381,537,0.709,350,1120,440,189,163,419,486,
104,Georgetown,30,15,15,0.5,7.16,5.29,5,13,11,8,4,6,2350,2294,,1235,800,1763,0.454,226,618,0.366,524,676,0.775,325,1151,522,164,110,458,531,
105,Georgia Southern,33,21,12,0.636,-0.54,-3.28,11,7,10,3,8,7,2504,2315,,1325,857,1992,0.43,267,784,0.341,523,788,0.664,402,1247,333,227,120,372,633,
106,Georgia State NCAA,35,24,11,0.686,3.23,-2.78,12,6,11,3,9,6,2614,2356,,1415,937,2033,0.461,323,839,0.385,417,615,0.678,303,1182,455,256,160,395,639,
107,Georgia Tech,32,13,19,0.406,5.25,7.47,6,12,12,7,1,10,2101,2172,,1285,753,1770,0.425,156,490,0.318,439,616,0.713,334,1084,409,221,171,411,533,
108,Georgia,33,18,15,0.545,10.24,8.87,7,11,11,4,4,9,2247,2202,,1340,767,1825,0.42,201,632,0.318,512,732,0.699,406,1301,402,126,156,420,533,
109,Gonzaga NCAA,37,32,5,0.865,18.43,2.59,17,1,15,1,10,1,3091,2505,,1500,1125,2261,0.498,328,891,0.368,513,725,0.708,405,1477,564,234,134,420,631,
110,Grambling,31,17,14,0.548,-12.97,-10.3,13,5,6,4,11,10,2257,2321,,1250,777,1852,0.42,154,470,0.328,547,769,0.711,377,1193,342,239,113,477,674,
111,Grand Canyon,34,22,12,0.647,3.76,-4.81,9,5,16,3,3,7,2512,2213,,1370,855,1992,0.429,251,779,0.322,551,785,0.702,403,1310,540,211,134,450,685,
112,Green Bay,33,13,20,0.394,-8.51,-4.08,7,11,10,6,2,13,2517,2499,,1330,859,2027,0.424,295,813,0.363,504,670,0.752,334,1241,459,226,100,453,635,
113,Hampton,34,18,16,0.529,-8.85,-9.57,11,4,11,3,5,11,2703,2603,,1370,970,2173,0.446,198,627,0.316,565,727,0.777,385,1372,518,183,123,440,672,
114,Hartford,33,19,14,0.576,-5.54,-5.26,11,5,9,7,9,6,2326,2318,,1325,835,1840,0.454,270,783,0.345,386,569,0.678,274,1100,433,200,123,402,601,
115,Harvard,32,18,14,0.563,-0.28,-1.7,12,2,10,2,6,11,2182,2129,,1305,764,1775,0.43,257,729,0.353,397,512,0.775,284,1115,406,173,118,445,575,
116,Hawaii,30,17,13,0.567,-2.32,-2.5,8,8,13,7,4,5,2104,2071,,1215,721,1629,0.443,202,613,0.33,460,670,0.687,267,995,428,169,59,402,584,
117,High Point,30,14,16,0.467,-6.74,-6.37,9,9,11,4,3,11,2126,1993,,1205,775,1690,0.459,163,456,0.357,413,588,0.702,322,1039,353,222,82,375,545,
118,Hofstra,31,19,12,0.613,-0.53,-1.6,12,6,9,4,9,4,2464,2397,,1245,868,1868,0.465,260,693,0.375,468,686,0.682,339,1103,413,156,83,334,576,
119,Holy Cross,31,12,19,0.387,-9.93,-5.83,8,10,6,7,6,10,1972,2099,,1250,724,1568,0.462,203,623,0.326,321,465,0.69,178,880,418,193,105,381,537,
120,Houston Baptist,31,6,25,0.194,-16.14,-3.96,2,16,5,8,1,16,2382,2617,,1250,860,2058,0.418,219,677,0.323,443,710,0.624,471,1219,432,206,90,438,605,
121,Houston NCAA,35,27,8,0.771,15.99,4.16,14,4,15,0,6,5,2685,2271,,1400,952,2066,0.461,297,768,0.387,484,674,0.718,404,1351,505,218,106,418,737,
122,Howard,33,10,23,0.303,-17.26,-9.75,7,9,7,4,2,18,2449,2654,,1345,847,1997,0.424,268,772,0.347,487,688,0.708,369,1153,407,178,93,442,676,
123,Idaho State,30,14,16,0.467,-5.77,-3.7,9,9,9,5,5,10,2211,2232,,1200,778,1639,0.475,252,637,0.396,403,594,0.678,202,962,354,169,72,408,525,
124,Idaho,31,22,9,0.71,0.82,-3.94,14,4,11,2,9,4,2330,2134,,1245,819,1749,0.468,277,679,0.408,415,565,0.735,307,1138,459,135,80,411,553,
125,Illinois-Chicago,36,20,16,0.556,-2.91,-4.21,12,6,11,7,9,8,2708,2597,,1445,951,2115,0.45,242,697,0.347,564,768,0.734,368,1384,451,244,242,544,687,
126,Illinois State,33,18,15,0.545,1.08,3.67,10,8,11,3,3,10,2364,2418,,1350,813,1917,0.424,301,883,0.341,437,640,0.683,315,1171,468,216,131,438,677,
127,Illinois,32,14,18,0.438,8.5,7.53,4,14,12,6,1,10,2426,2362,,1295,856,1949,0.439,236,705,0.335,478,653,0.732,398,1053,442,240,69,425,720,
128,Incarnate Word,28,7,21,0.25,-17.71,-5.04,2,16,6,9,1,12,1978,2163,,1120,671,1566,0.428,166,493,0.337,470,631,0.745,279,976,311,170,143,442,521,
129,Indiana State,31,13,18,0.419,1.54,2.43,8,10,8,7,5,7,2248,2253,,1275,762,1803,0.423,270,748,0.361,454,644,0.705,321,1124,360,233,105,445,614,
130,Indiana,31,16,15,0.516,9.89,8.25,9,9,12,6,3,8,2229,2178,,1255,806,1767,0.456,194,602,0.322,423,644,0.657,345,1099,435,199,134,386,561,
131,Iona NCAA,34,20,14,0.588,0.76,-2.19,11,7,8,3,7,8,2702,2602,,1385,957,2076,0.461,324,846,0.383,462,626,0.738,290,1146,542,229,103,395,587,
132,Iowa State,31,13,18,0.419,6.88,9.49,4,14,9,7,0,10,2258,2339,,1250,817,1870,0.437,234,653,0.358,390,557,0.7,338,1134,423,149,129,369,508,
133,Iowa,33,14,19,0.424,8.13,7.13,4,14,9,6,1,10,2630,2597,,1330,946,1975,0.479,252,672,0.375,486,699,0.695,391,1258,602,172,133,441,548,
134,IPFW,33,18,15,0.545,-1.49,-3.24,7,7,13,3,4,10,2716,2535,,1325,953,2073,0.46,339,925,0.366,471,654,0.72,315,1156,484,264,110,391,538,
135,IUPUI,30,11,19,0.367,-9.82,-3.53,8,10,9,4,2,14,2047,2180,,1205,731,1723,0.424,213,600,0.355,372,559,0.665,347,1022,385,205,103,427,562,
136,Jackson State,32,12,20,0.375,-17.66,-10.49,9,9,9,2,2,17,1991,2161,,1295,714,1921,0.372,238,724,0.329,325,497,0.654,401,1087,350,235,89,368,651,
137,Jacksonville State,36,23,13,0.639,-0.3,-4.87,11,7,12,4,9,8,2587,2369,,1450,954,2091,0.456,211,650,0.325,468,657,0.712,406,1371,542,220,176,469,624,
138,Jacksonville,33,15,18,0.455,-13.39,-6.12,8,6,10,6,3,12,2405,2482,,1345,897,1993,0.45,202,601,0.336,409,622,0.658,330,1180,415,226,112,472,536,
139,James Madison,32,10,22,0.313,-5.47,-2.15,6,12,7,7,3,11,2341,2414,,1310,812,1932,0.42,231,695,0.332,486,667,0.729,361,1147,388,228,104,383,670,
140,Kansas State NCAA,37,25,12,0.676,12.84,8.74,10,8,14,3,6,5,2630,2478,,1485,937,2025,0.463,254,744,0.341,502,684,0.734,298,1136,510,294,110,423,684,
141,Kansas NCAA,39,31,8,0.795,21.39,11.87,13,5,14,3,8,3,3174,2803,,1565,1165,2366,0.492,391,974,0.401,453,639,0.709,372,1388,649,254,160,456,597,
142,Kennesaw State,30,10,20,0.333,-11.17,-4.31,6,8,8,6,2,14,2182,2328,,1205,805,1771,0.455,160,438,0.365,412,597,0.69,306,987,446,216,93,409,540,
143,Kent State,34,17,17,0.5,-3.72,-1.75,9,9,13,3,2,11,2482,2502,,1370,871,2046,0.426,255,782,0.326,485,666,0.728,390,1221,393,201,122,442,638,
144,Kentucky NCAA,37,26,11,0.703,17.24,10.73,10,8,16,2,4,6,2840,2599,,1485,998,2115,0.472,195,546,0.357,649,930,0.698,439,1431,488,208,176,480,702,
145,La Salle,32,13,19,0.406,1.7,2.54,7,11,10,4,2,10,2333,2360,,1315,817,1906,0.429,234,711,0.329,465,591,0.787,292,1124,410,189,90,374,546,
146,Lafayette,31,10,21,0.323,-9.78,-6.04,7,11,8,6,2,14,2207,2307,,1245,777,1709,0.455,263,708,0.371,390,507,0.769,210,1026,386,131,103,411,515,
147,Lamar,33,19,14,0.576,-5.19,-7.22,11,7,11,4,8,7,2500,2296,,1340,873,2026,0.431,257,750,0.343,497,757,0.657,425,1245,449,281,75,430,653,
148,Lehigh,30,16,14,0.533,-6.42,-5.66,11,7,9,6,7,8,2336,2333,,1230,835,1845,0.453,293,721,0.406,373,480,0.777,269,1074,428,184,53,380,553,
149,Liberty,37,22,15,0.595,-2.67,-6.23,9,9,13,7,7,6,2621,2353,,1510,899,1948,0.461,300,803,0.374,523,660,0.792,270,1238,521,219,94,438,615,
150,Lipscomb NCAA,33,23,10,0.697,-2.1,-3.8,10,4,13,2,10,7,2708,2564,,1340,924,2040,0.453,267,813,0.328,593,826,0.718,346,1276,517,216,102,493,656,
151,Long Beach State,33,15,18,0.455,-3.75,0.89,9,7,8,5,6,10,2485,2586,,1330,866,1917,0.452,196,558,0.351,557,765,0.728,382,1195,419,218,119,501,592,
152,Long Island University NCAA,35,18,17,0.514,-8.61,-8.19,10,8,12,4,5,11,2696,2674,,1405,935,2055,0.455,279,815,0.342,547,786,0.696,367,1327,442,194,111,496,687,
153,Longwood,33,7,26,0.212,-18.31,-4.31,3,15,5,11,2,13,2088,2445,,1320,728,1764,0.413,226,691,0.327,406,591,0.687,263,1070,327,218,102,516,575,
154,Louisiana,34,27,7,0.794,7.58,-2.54,16,2,14,1,10,4,2829,2408,,1365,971,2093,0.464,297,818,0.363,590,775,0.761,435,1325,591,256,147,455,648,
155,Louisiana-Monroe,32,16,16,0.5,-6.27,-3.31,9,9,12,4,3,11,2235,2187,,1290,811,1863,0.435,288,801,0.36,325,453,0.717,294,1078,446,207,42,380,535,
156,Louisiana State,33,18,15,0.545,10.93,8.03,8,10,14,4,3,8,2559,2463,,1325,916,1926,0.476,268,774,0.346,459,628,0.731,317,1101,467,255,110,382,585,
157,Louisiana Tech,33,17,16,0.515,1.33,-0.12,7,11,11,5,2,10,2468,2331,,1325,838,1877,0.446,287,765,0.375,505,697,0.725,314,1137,470,196,131,405,569,
158,Louisville,36,22,14,0.611,14.3,9.08,9,9,16,6,4,7,2721,2533,,1460,969,2136,0.454,280,753,0.372,503,683,0.736,358,1313,491,251,214,425,585,
159,Loyola (IL) NCAA,38,32,6,0.842,10.38,1.81,15,3,14,1,9,4,2721,2377,,1520,995,1963,0.507,277,700,0.396,454,626,0.725,229,1222,593,241,90,472,528,
160,Loyola Marymount,31,11,20,0.355,-4.38,1.09,5,13,7,7,3,12,2226,2369,,1250,803,1815,0.442,199,573,0.347,421,593,0.71,377,1016,441,216,72,407,607,
161,Loyola (MD),31,9,22,0.29,-12.72,-5.25,6,12,8,6,1,16,2154,2326,,1255,797,1820,0.438,163,509,0.32,397,608,0.653,332,1076,360,218,97,414,614,
162,Maine,32,6,26,0.188,-14.64,-3.28,3,13,4,8,2,16,2140,2408,,1295,765,1871,0.409,225,743,0.303,385,560,0.688,304,1129,375,205,93,496,624,
163,Manhattan,31,14,17,0.452,-5.05,-4.15,9,9,8,3,5,8,2147,2175,,1260,737,1661,0.444,239,598,0.4,434,625,0.694,319,1030,433,186,121,482,616,
164,Marist,31,6,25,0.194,-12.48,-3.57,4,14,4,9,2,10,2239,2515,,1260,761,1710,0.445,280,802,0.349,437,612,0.714,233,1041,369,130,77,488,547,
165,Marquette,35,21,14,0.6,12.5,9.7,9,9,13,7,5,5,2846,2748,,1415,989,2081,0.475,385,924,0.417,483,600,0.805,314,1113,551,214,128,431,679,
166,Marshall NCAA,36,25,11,0.694,4.21,0.44,12,6,15,2,6,8,3017,2849,,1455,1042,2233,0.467,362,1013,0.357,571,747,0.764,288,1287,614,252,207,476,617,
167,Maryland-Baltimore County NCAA,36,25,11,0.694,-2.02,-3.84,12,4,15,2,9,7,2630,2466,,1440,926,2088,0.443,364,940,0.387,414,641,0.646,347,1245,547,269,87,440,592,
168,Maryland-Eastern Shore,32,7,25,0.219,-24.63,-7.57,3,13,6,5,0,18,1992,2473,,1280,710,1844,0.385,206,725,0.284,366,542,0.675,347,1065,347,151,57,417,548,
169,Maryland,32,19,13,0.594,13.78,7.94,8,10,15,3,2,8,2338,2140,,1285,811,1696,0.478,229,617,0.371,487,645,0.755,305,1149,452,138,137,438,511,
170,Massachusetts-Lowell,30,12,18,0.4,-9.54,-5.78,6,10,9,7,3,11,2286,2356,,1205,791,1719,0.46,215,621,0.346,489,690,0.709,282,970,435,209,86,405,538,
171,Massachusetts,33,13,20,0.394,-1.66,1.1,5,13,11,6,1,11,2374,2465,,1350,861,1918,0.449,293,732,0.4,359,481,0.746,300,1081,505,159,98,422,595,
172,McNeese State,29,12,17,0.414,-12.06,-6.1,8,10,7,5,5,12,2184,2209,,1170,780,1787,0.436,205,597,0.343,419,590,0.71,339,1144,327,156,133,416,505,
173,Memphis,34,21,13,0.618,1.8,2.16,10,8,14,5,5,5,2408,2420,,1380,828,1832,0.452,201,634,0.317,551,798,0.69,391,1165,442,202,128,467,583,
174,Mercer,34,19,15,0.559,-0.87,-3.5,11,7,11,3,7,9,2561,2373,,1380,878,1856,0.473,288,751,0.383,517,680,0.76,325,1176,490,182,55,424,582,
175,Miami (FL) NCAA,32,22,10,0.688,12.83,6.96,11,7,11,3,8,4,2361,2173,,1290,875,1881,0.465,247,678,0.364,362,547,0.662,317,1113,424,210,130,367,518,
176,Miami (OH),34,16,18,0.471,-3.56,-1.15,8,10,9,5,6,11,2449,2404,,1390,886,2007,0.441,301,878,0.343,376,548,0.686,336,1232,453,257,88,453,569,
177,Michigan State NCAA,35,30,5,0.857,22.41,7.1,16,2,16,1,8,1,2807,2271,,1405,991,1996,0.496,290,725,0.4,535,716,0.747,401,1439,670,143,251,459,640,
178,Michigan NCAA,41,33,8,0.805,19.03,9.41,13,5,15,1,6,5,3019,2596,,1655,1092,2335,0.468,361,1011,0.357,474,717,0.661,336,1365,585,261,126,379,643,
179,Middle Tennessee,33,25,8,0.758,10.29,2.83,16,2,12,2,12,2,2479,2188,,1330,902,1914,0.471,241,648,0.372,434,585,0.742,346,1182,468,201,76,413,650,
180,Milwaukee,33,16,17,0.485,-4.15,-4.25,8,10,9,7,6,9,2259,2260,,1330,834,1872,0.446,235,704,0.334,356,528,0.674,289,1146,429,196,125,412,545,
181,Minnesota,32,15,17,0.469,7.01,6.91,4,14,11,6,2,9,2405,2402,,1295,850,1971,0.431,218,630,0.346,487,692,0.704,371,1221,467,181,163,352,492,
182,Mississippi State,37,25,12,0.676,11.71,6.82,9,9,19,2,4,8,2716,2507,,1490,1000,2151,0.465,256,802,0.319,460,666,0.691,398,1336,491,243,198,483,614,
183,Mississippi Valley State,32,4,28,0.125,-21.41,-8.13,4,14,3,6,1,21,2075,2500,,1300,757,1977,0.383,171,568,0.301,388,575,0.675,393,1136,327,186,55,421,658,
184,Mississippi,32,12,20,0.375,6.85,9.16,5,13,10,8,1,10,2426,2500,,1300,841,1999,0.421,251,788,0.319,493,675,0.73,393,1214,468,200,131,365,609,
185,Missouri-Kansas City,32,10,22,0.313,-10.19,-1.02,5,9,6,8,3,11,2251,2447,,1285,756,1859,0.407,284,845,0.336,455,640,0.711,259,1018,354,202,81,411,681,
186,Missouri State,33,18,15,0.545,3.08,0.45,7,11,10,5,4,8,2313,2197,,1325,851,1952,0.436,234,707,0.331,377,527,0.715,389,1276,425,153,134,382,575,
187,Missouri NCAA,33,20,13,0.606,13.81,9.19,10,8,13,3,5,6,2399,2246,,1330,794,1765,0.45,306,799,0.383,505,688,0.734,332,1225,443,170,140,469,594,
188,Monmouth,31,11,20,0.355,-2.41,-1.24,7,11,6,6,4,12,2336,2372,,1280,787,1718,0.458,223,574,0.389,539,758,0.711,276,1115,399,197,73,473,675,
189,Montana State,32,13,19,0.406,-8.69,-3.53,6,12,8,6,3,12,2434,2524,,1295,817,1929,0.424,257,731,0.352,543,746,0.728,357,1167,401,176,66,399,645,
190,Montana NCAA,34,26,8,0.765,6.28,-2.25,16,2,14,0,8,6,2625,2329,,1380,944,2021,0.467,186,549,0.339,551,780,0.706,400,1258,428,263,114,422,716,
191,Morehead State,29,8,21,0.276,-10.65,-1.91,4,14,7,6,1,15,2043,2204,,1165,712,1655,0.43,204,631,0.323,415,592,0.701,338,1041,344,165,86,456,598,
192,Morgan State,31,13,18,0.419,-15.67,-11.97,7,8,8,2,3,15,2273,2338,,1260,787,1883,0.418,161,478,0.337,538,742,0.725,421,1187,389,222,88,435,628,
193,Mount St. Mary's,32,18,14,0.563,-8.15,-8.05,12,6,12,3,6,11,2331,2301,,1295,809,1778,0.455,323,853,0.379,390,532,0.733,212,918,447,221,125,351,492,
194,Murray State NCAA,32,26,6,0.813,6.87,-3.53,16,2,14,2,10,3,2515,2117,,1280,870,1803,0.483,271,719,0.377,504,687,0.734,340,1186,471,216,104,384,560,
195,Navy,32,20,12,0.625,-6.93,-7.22,11,7,9,6,9,6,2199,2125,,1285,771,1736,0.444,206,621,0.332,451,627,0.719,342,1113,450,206,41,453,553,
196,Nebraska-Omaha,31,9,22,0.29,-9.88,0.33,4,10,8,4,1,15,2373,2588,,1260,877,1912,0.459,254,694,0.366,365,517,0.706,281,1044,405,177,83,409,498,
197,Nebraska,33,22,11,0.667,10.99,7.32,13,5,16,1,4,8,2386,2265,,1325,820,1906,0.43,232,670,0.346,514,716,0.718,356,1191,446,200,183,362,565,
198,Nevada-Las Vegas,33,20,13,0.606,7.2,1.87,8,10,13,6,5,6,2753,2577,,1345,978,2000,0.489,185,554,0.334,612,868,0.705,393,1333,535,184,146,473,580,
199,Nevada NCAA,37,29,8,0.784,14.44,4.93,15,3,14,1,11,3,3055,2703,,1500,1049,2238,0.469,354,904,0.392,603,812,0.743,339,1316,598,230,150,357,630,
200,New Hampshire,31,10,21,0.323,-8.38,-4.32,6,10,8,7,2,12,2103,2085,,1240,725,1803,0.402,252,776,0.325,401,544,0.737,352,1189,369,111,56,362,555,
201,New Mexico State NCAA,34,28,6,0.824,9.06,-1.1,12,2,14,1,8,3,2572,2183,,1365,963,2104,0.458,258,773,0.334,388,603,0.643,427,1402,482,189,102,429,604,
202,New Mexico,34,19,15,0.559,5.81,3.3,12,6,13,4,4,8,2795,2641,,1365,939,2065,0.455,367,979,0.375,550,708,0.777,315,1073,539,251,96,422,696,
203,New Orleans,33,16,17,0.485,-9.01,-5.78,11,7,10,3,5,13,2297,2322,,1325,815,1795,0.454,159,442,0.36,508,755,0.673,367,1124,483,238,116,498,622,
204,Niagara,33,19,14,0.576,-4.84,-4.21,12,6,9,5,10,7,2748,2769,,1330,944,2124,0.444,272,759,0.358,588,808,0.728,390,1286,397,171,143,373,579,
205,Nicholls State,32,21,11,0.656,-3.54,-5.86,15,3,12,3,9,7,2641,2411,,1280,941,1994,0.472,260,729,0.357,499,696,0.717,353,1189,474,307,126,490,712,
206,NJIT,30,14,16,0.467,-7.25,-5.53,7,7,10,7,4,9,2248,2197,,1210,808,1803,0.448,236,653,0.361,396,579,0.684,331,1063,417,246,97,399,556,
207,Norfolk State,33,14,19,0.424,-12.98,-10.18,11,5,8,6,5,11,2399,2417,,1325,857,1991,0.43,254,707,0.359,429,639,0.671,411,1270,450,206,114,507,693,
208,North Carolina-Asheville,34,21,13,0.618,-3.92,-3.57,13,5,14,2,7,10,2557,2499,,1385,912,1940,0.47,277,703,0.394,456,615,0.741,280,1152,522,252,114,468,628,
209,North Carolina A&T,35,20,15,0.571,-12.57,-11.2,11,5,12,0,5,13,2623,2605,,1415,929,2010,0.462,213,707,0.301,552,776,0.711,344,1252,534,212,80,482,629,
210,North Carolina Central NCAA,35,19,16,0.543,-13.19,-12.31,9,7,12,2,3,13,2520,2425,,1405,949,2060,0.461,212,640,0.331,410,597,0.687,410,1336,545,179,117,495,650,
211,North Carolina-Greensboro NCAA,35,27,8,0.771,4.54,-3.87,15,3,16,1,8,6,2562,2189,,1430,924,2073,0.446,331,936,0.354,383,549,0.698,417,1306,487,267,132,481,650,
212,North Carolina State NCAA,33,21,12,0.636,12.91,6.7,11,7,16,3,4,5,2682,2477,,1325,965,2054,0.47,263,707,0.372,489,702,0.697,400,1176,531,244,122,400,609,
213,North Carolina-Wilmington,32,11,21,0.344,-7.52,-1.15,7,11,8,5,2,11,2542,2668,,1305,920,2109,0.436,244,705,0.346,458,664,0.69,441,1310,487,164,67,414,586,
214,North Carolina NCAA,37,26,11,0.703,20.08,11.78,11,7,12,3,6,5,3018,2711,,1485,1105,2417,0.457,305,849,0.359,503,677,0.743,511,1570,673,212,149,446,587,
215,North Dakota State,32,15,17,0.469,-1.86,-1.58,5,9,8,6,5,10,2382,2264,,1285,837,1783,0.469,294,778,0.378,414,544,0.761,231,1102,422,145,76,402,556,
216,North Dakota,32,12,20,0.375,-7.63,-0.2,6,12,7,6,2,13,2427,2612,,1305,863,1879,0.459,233,685,0.34,468,663,0.706,225,983,409,253,58,417,605,
217,North Florida,33,14,19,0.424,-11.4,-1.74,7,7,10,2,4,17,2668,2873,,1325,939,2058,0.456,357,945,0.378,433,570,0.76,313,1161,490,173,126,478,505,
218,North Texas,38,20,18,0.526,1.16,-0.4,8,10,14,6,6,11,2828,2703,,1540,1012,2243,0.451,302,849,0.356,502,760,0.661,405,1451,475,195,112,495,723,
219,Northeastern,33,23,10,0.697,3.64,-1.61,14,4,12,2,9,5,2472,2270,,1335,859,1776,0.484,302,804,0.376,452,617,0.733,258,1083,523,220,82,450,575,
220,Northern Arizona,32,5,27,0.156,-14.66,-1.03,2,16,2,10,3,14,2100,2512,,1290,698,1750,0.399,178,584,0.305,526,750,0.701,313,1074,314,180,100,497,632,
221,Northern Colorado,38,26,12,0.684,3.61,-2.27,11,7,14,3,7,8,3080,2776,,1535,1103,2347,0.47,334,929,0.36,540,784,0.689,356,1425,454,203,138,465,721,
222,Northern Illinois,32,13,19,0.406,-6.71,-1.71,6,12,11,4,1,13,2319,2407,,1285,849,1860,0.456,169,512,0.33,452,622,0.727,314,1102,295,213,58,378,593,
223,Northern Iowa,32,16,16,0.5,4.01,3.87,7,11,12,4,1,9,2056,1990,,1285,720,1714,0.42,229,684,0.335,387,537,0.721,263,1109,345,166,80,364,481,
224,Northern Kentucky,32,22,10,0.688,4.83,-4.07,15,3,12,2,8,6,2486,2112,,1280,898,1889,0.475,258,756,0.341,432,591,0.731,309,1175,521,233,103,399,586,
225,Northwestern State,29,4,25,0.138,-21.02,-4.18,1,17,1,11,3,13,1868,2264,,1160,692,1678,0.412,125,448,0.279,359,588,0.611,359,1035,279,180,122,496,573,
226,Northwestern,32,15,17,0.469,9.63,8.37,6,12,11,6,3,9,2203,2127,,1290,773,1813,0.426,255,720,0.354,402,538,0.747,320,1059,447,156,136,374,605,
227,Notre Dame,36,21,15,0.583,13.65,7.94,8,10,11,6,5,7,2698,2471,,1455,945,2131,0.443,300,838,0.358,508,670,0.758,384,1324,520,208,131,355,470,
228,Oakland,33,19,14,0.576,-1.82,-3.76,10,8,11,4,7,8,2580,2516,,1330,884,1966,0.45,275,782,0.352,537,697,0.77,326,1202,553,200,165,434,540,
229,Ohio State NCAA,34,25,9,0.735,17.67,9.03,15,3,16,2,6,2,2591,2297,,1375,951,1980,0.48,239,678,0.353,450,616,0.731,330,1246,499,209,131,399,595,
230,Ohio,31,14,17,0.452,-2.52,-1.65,7,11,11,5,2,10,2334,2353,,1280,839,1893,0.443,244,661,0.369,412,578,0.713,257,1126,443,207,102,412,500,
231,Oklahoma State,36,21,15,0.583,12.45,9.12,8,10,15,6,3,7,2757,2637,,1450,959,2224,0.431,296,851,0.348,543,717,0.757,463,1348,512,237,143,466,692,
232,Oklahoma NCAA,32,18,14,0.563,13.81,10.56,8,10,13,2,2,9,2718,2614,,1295,954,2063,0.462,300,836,0.359,510,684,0.746,337,1229,479,208,151,428,551,
233,Old Dominion,32,25,7,0.781,9.27,-1.27,15,3,12,2,10,3,2347,2010,,1290,844,1888,0.447,228,639,0.357,431,623,0.692,373,1207,483,239,139,332,509,
234,Oral Roberts,32,11,21,0.344,-6.67,1.05,5,9,8,5,3,14,2332,2484,,1310,879,2010,0.437,220,641,0.343,354,517,0.685,440,1226,453,174,112,411,565,
235,Oregon State,32,16,16,0.5,7.32,4.57,7,11,12,4,1,9,2339,2251,,1300,830,1779,0.467,192,583,0.329,487,688,0.708,332,1119,475,212,116,424,642,
236,Oregon,36,23,13,0.639,10.7,4.84,10,8,16,3,4,7,2817,2606,,1460,986,2155,0.458,324,908,0.357,521,683,0.763,372,1262,556,248,152,434,712,
237,Pacific,32,14,18,0.438,-0.55,1.8,9,9,8,8,6,9,2280,2316,,1290,804,1782,0.451,151,459,0.329,521,715,0.729,332,1086,395,197,129,368,581,
238,Penn State,39,26,13,0.667,15.85,7.79,9,9,15,4,6,7,2915,2601,,1570,1057,2291,0.461,294,759,0.387,507,722,0.702,422,1385,540,283,193,463,685,
239,Pennsylvania NCAA,33,24,9,0.727,2.24,-3.17,12,2,11,3,9,4,2506,2274,,1355,893,1949,0.458,291,831,0.35,429,651,0.659,283,1240,508,194,91,390,566,
240,Pepperdine,32,6,26,0.188,-6.51,1.82,2,16,5,11,0,14,2283,2516,,1290,822,1829,0.449,186,542,0.343,453,646,0.701,324,1077,449,155,69,376,575,
241,Pittsburgh,32,8,24,0.25,-1.87,8.47,0,18,7,11,0,10,1985,2316,,1290,678,1673,0.405,258,795,0.325,371,534,0.695,247,1007,398,138,112,443,553,
242,Portland State,34,20,14,0.588,-0.14,-1.05,9,9,8,5,10,6,2897,2698,,1375,1034,2333,0.443,300,883,0.34,529,751,0.704,488,1306,548,333,118,431,746,
243,Portland,32,10,22,0.313,-6.61,2.43,4,14,7,9,3,9,2221,2372,,1290,781,1745,0.448,255,665,0.383,404,596,0.678,205,1014,387,165,127,383,576,
244,Prairie View,34,16,18,0.471,-10.13,-7.71,12,6,10,2,5,15,2559,2609,,1370,890,2043,0.436,247,752,0.328,532,793,0.671,400,1182,439,257,103,460,748,
245,Presbyterian,32,11,21,0.344,-14.32,-5.53,4,14,8,8,2,13,2124,2273,,1285,749,1760,0.426,276,772,0.358,350,510,0.686,290,1003,368,175,62,368,460,
246,Princeton,29,13,16,0.448,-2.44,-1.97,5,9,7,5,5,9,2106,2083,,1200,753,1660,0.454,287,767,0.374,313,443,0.707,220,949,367,137,90,334,504,
247,Providence NCAA,35,21,14,0.6,11.12,10.23,10,8,13,4,4,7,2575,2544,,1425,899,2037,0.441,223,671,0.332,554,787,0.704,362,1247,485,238,128,430,624,
248,Purdue NCAA,37,30,7,0.811,23.41,8.74,15,3,16,1,8,2,2974,2431,,1485,1033,2097,0.493,353,840,0.42,555,747,0.743,311,1295,598,211,180,399,580,
249,Quinnipiac,33,12,21,0.364,-9.5,-4.44,7,11,6,6,3,12,2364,2531,,1355,787,1864,0.422,303,893,0.339,487,690,0.706,330,1142,404,182,86,446,566,
250,Radford NCAA,36,23,13,0.639,-2.61,-4.08,12,6,12,2,7,10,2422,2336,,1465,850,2000,0.425,277,793,0.349,445,614,0.725,414,1244,442,226,105,441,596,
251,Rhode Island NCAA,34,26,8,0.765,11.81,4.61,15,3,15,1,7,4,2583,2338,,1370,954,2097,0.455,236,670,0.352,439,630,0.697,386,1170,520,249,118,362,645,
252,Rice,31,7,24,0.226,-8.63,-0.04,4,14,5,10,2,13,2114,2347,,1250,711,1751,0.406,260,818,0.318,432,646,0.669,326,1140,378,166,66,460,509,
253,Richmond,32,12,20,0.375,-0.17,3.61,9,9,6,9,4,8,2297,2418,,1295,843,1830,0.461,222,664,0.334,389,544,0.715,248,973,486,244,77,373,518,
254,Rider,32,22,10,0.688,0.98,-2.62,15,3,12,1,8,7,2620,2505,,1285,932,2004,0.465,243,678,0.358,513,844,0.608,421,1253,459,241,109,424,637,
255,Robert Morris,33,16,17,0.485,-7.99,-6.11,9,9,4,6,9,11,2272,2334,,1325,794,1932,0.411,242,729,0.332,442,663,0.667,392,1176,382,256,90,489,662,
256,Rutgers,34,15,19,0.441,5.5,6.83,3,15,13,9,0,9,2216,2204,,1375,830,2043,0.406,145,501,0.289,409,635,0.644,447,1317,333,240,136,397,583,
257,Sacramento State,32,7,25,0.219,-8.91,-0.74,4,14,6,9,1,12,2157,2358,,1285,800,1802,0.444,202,570,0.354,355,519,0.684,266,1024,420,172,110,385,586,
258,Sacred Heart,31,10,21,0.323,-11.38,-6.98,5,13,5,9,4,11,2129,2237,,1245,796,1823,0.437,179,599,0.299,358,540,0.663,373,1238,400,149,72,460,571,
259,Saint Francis (PA),31,18,13,0.581,-6.13,-6.71,12,6,11,3,7,10,2450,2355,,1260,860,1846,0.466,250,671,0.373,480,632,0.759,274,1046,416,209,72,359,496,
260,Saint Joseph's,32,16,16,0.5,3.78,1.9,10,8,10,3,4,9,2371,2311,,1290,826,1952,0.423,255,756,0.337,464,675,0.687,289,1201,447,203,92,320,497,
261,Saint Louis,33,17,16,0.515,2.58,2.92,9,9,12,6,3,7,2170,2157,,1325,731,1734,0.422,185,573,0.323,523,802,0.652,387,1188,393,198,146,420,596,
262,Saint Mary's (CA),36,30,6,0.833,12.86,0.33,16,2,18,2,11,1,2772,2321,,1455,1014,1970,0.515,284,692,0.41,460,598,0.769,298,1212,557,160,94,357,556,
263,Saint Peter's,32,14,18,0.438,-5.24,-4.36,6,12,8,5,3,12,2085,2113,,1310,740,1762,0.42,253,750,0.337,352,488,0.721,292,1050,378,211,101,416,601,
264,Sam Houston State,36,21,15,0.583,-5.14,-4.8,12,6,14,2,5,10,2571,2477,,1445,900,2115,0.426,257,762,0.337,514,719,0.715,430,1353,527,220,62,473,706,
265,Samford,32,10,22,0.313,-11.1,-3.37,6,12,8,6,2,14,2483,2639,,1280,870,1846,0.471,289,774,0.373,454,594,0.764,263,974,530,230,76,435,527,
266,San Diego State NCAA,33,22,11,0.667,12.23,3.91,11,7,13,2,5,7,2545,2240,,1320,902,1967,0.459,239,709,0.337,502,702,0.715,364,1250,488,206,107,394,564,
267,San Diego,34,20,14,0.588,2.86,0.49,9,9,12,7,8,6,2385,2264,,1370,802,1775,0.452,289,794,0.364,492,692,0.711,249,1117,475,186,138,445,699,
268,San Francisco,39,22,17,0.564,1.13,1.63,9,9,16,6,4,9,2685,2681,,1570,952,2254,0.422,333,984,0.338,448,663,0.676,381,1390,526,212,140,464,745,
269,San Jose State,30,4,26,0.133,-8.74,2.91,1,17,3,11,1,14,1974,2260,,1210,705,1618,0.436,178,485,0.367,386,558,0.692,277,1073,385,135,69,488,569,
270,Santa Clara,31,11,20,0.355,-7.01,0.61,8,10,6,11,5,5,2048,2224,,1245,718,1674,0.429,232,682,0.34,380,524,0.725,243,887,404,168,73,350,537,
271,Savannah State,32,15,17,0.469,-15.36,-5.06,12,4,10,2,4,13,2754,2991,,1295,940,2350,0.4,391,1304,0.3,483,694,0.696,423,1222,504,301,89,448,608,
272,Seattle,34,20,14,0.588,-2.32,-3.09,8,6,16,3,3,10,2589,2468,,1375,881,1975,0.446,312,844,0.37,515,698,0.738,365,1296,462,167,123,484,692,
273,Seton Hall NCAA,34,22,12,0.647,15.67,10.11,10,8,14,3,5,6,2701,2512,,1370,971,2072,0.469,250,685,0.365,509,729,0.698,409,1302,527,210,117,432,614,
274,Siena,32,8,24,0.25,-10.46,-2.99,4,14,7,8,1,15,2166,2405,,1325,752,1790,0.42,220,600,0.367,442,652,0.678,352,1146,355,153,104,483,641,
275,South Alabama,32,14,18,0.438,-5.43,-2.87,7,11,11,4,2,13,2228,2218,,1285,752,1783,0.422,252,779,0.323,472,674,0.7,300,1163,396,171,125,479,612,
276,South Carolina State,32,10,22,0.313,-20.18,-8.78,6,10,8,5,2,16,2355,2660,,1290,828,1946,0.425,206,615,0.335,493,706,0.698,363,1101,352,169,77,444,612,
277,South Carolina Upstate,32,7,25,0.219,-17.46,-4.35,2,12,6,7,0,17,2424,2723,,1290,881,2045,0.431,328,952,0.345,334,460,0.726,335,1062,449,195,86,370,566,
278,South Carolina,33,17,16,0.515,9.45,9.23,7,11,10,5,4,8,2313,2277,,1330,756,1899,0.398,240,709,0.339,561,801,0.7,415,1228,423,180,105,455,661,
279,South Dakota State NCAA,35,28,7,0.8,6.84,-0.38,13,1,15,0,8,5,2958,2599,,1415,1003,2147,0.467,374,927,0.403,578,759,0.762,308,1360,467,172,80,353,562,
280,South Dakota,35,26,9,0.743,6.17,-2.6,11,3,13,2,9,5,2832,2404,,1400,1017,2136,0.476,243,684,0.355,555,740,0.75,353,1319,463,239,69,388,592,
281,South Florida,32,10,22,0.313,-7.27,0.05,3,15,7,11,3,10,2026,2260,,1285,707,1691,0.418,207,574,0.361,405,560,0.723,309,1066,379,163,76,449,546,
282,Southeast Missouri State,31,14,17,0.452,-8.13,-4.88,8,10,7,7,6,9,2355,2413,,1250,796,1729,0.46,289,738,0.392,474,650,0.729,273,1005,423,178,54,388,553,
283,Southeastern Louisiana,34,22,12,0.647,-6.4,-6.2,15,3,10,3,10,7,2439,2357,,1360,867,1911,0.454,250,712,0.351,455,692,0.658,357,1158,498,225,98,468,568,
284,Southern California,36,24,12,0.667,12.82,6.29,12,6,13,5,6,5,2798,2563,,1460,1022,2174,0.47,296,787,0.376,458,649,0.706,370,1252,569,228,145,383,568,
285,SIU Edwardsville,30,9,21,0.3,-12.43,-3.36,5,13,4,9,5,11,2090,2362,,1200,734,1759,0.417,212,654,0.324,410,580,0.707,324,1024,373,144,82,409,645,
286,Southern Illinois,33,20,13,0.606,1.37,0.65,11,7,13,3,5,8,2308,2280,,1340,839,1817,0.462,215,604,0.356,415,596,0.696,281,1079,464,247,118,420,588,
287,Southern Methodist,33,17,16,0.515,9.08,3.66,6,12,13,5,2,8,2293,2114,,1320,814,1835,0.444,281,741,0.379,384,560,0.686,365,1109,474,244,99,383,535,
288,Southern Mississippi,34,16,18,0.471,-4.26,1.31,7,11,11,3,2,11,2401,2449,,1365,872,1958,0.445,254,749,0.339,403,573,0.703,254,1035,500,237,59,333,528,
289,Southern Utah,32,13,19,0.406,-7.64,-0.88,5,13,9,5,2,13,2416,2583,,1290,824,1887,0.437,253,706,0.358,515,698,0.738,268,1084,374,166,98,408,699,
290,Southern,33,15,18,0.455,-14.54,-9.57,10,8,11,3,4,14,2279,2369,,1330,781,1936,0.403,177,524,0.338,540,793,0.681,429,1285,370,187,121,435,629,
291,St. Bonaventure NCAA,34,26,8,0.765,8.87,2.61,14,4,13,1,9,4,2620,2407,,1380,884,1958,0.451,255,661,0.386,597,794,0.752,344,1208,472,238,118,391,674,
292,St. Francis (NY),31,13,18,0.419,-12.25,-7.32,10,8,10,3,3,13,2260,2357,,1260,784,1889,0.415,271,783,0.346,421,591,0.712,322,1046,357,225,82,390,668,
293,St. John's (NY),33,16,17,0.485,10.29,10.69,4,14,9,7,2,7,2412,2397,,1345,867,1999,0.434,232,706,0.329,446,602,0.741,288,1109,422,282,171,393,614,
294,Stanford,35,19,16,0.543,8.08,7.14,11,7,14,5,4,7,2655,2622,,1410,925,2006,0.461,233,632,0.369,572,835,0.685,395,1368,469,183,122,525,633,
295,Stephen F. Austin NCAA,35,28,7,0.8,2.67,-6.46,14,4,16,1,9,5,2819,2386,,1400,1000,2059,0.486,242,651,0.372,577,819,0.705,400,1248,499,357,106,540,763,
296,Stetson,32,12,20,0.375,-12.38,-6.46,4,10,7,9,5,11,2412,2496,,1290,907,2053,0.442,250,726,0.344,348,518,0.672,292,1099,471,228,87,350,586,
297,Stony Brook,32,13,19,0.406,-5.09,-2.28,7,9,7,7,6,11,2205,2249,,1290,779,1866,0.417,249,757,0.329,398,606,0.657,364,1152,427,261,94,448,647,
298,Syracuse NCAA,37,23,14,0.622,12.89,10.02,8,10,14,5,4,6,2466,2360,,1500,832,1995,0.417,208,656,0.317,594,808,0.735,433,1375,395,258,197,460,611,
299,Temple,33,17,16,0.515,7.25,7.79,8,10,8,5,4,10,2308,2326,,1330,845,1989,0.425,271,773,0.351,347,509,0.682,337,1120,420,220,108,357,580,
300,Tennessee-Martin,31,10,21,0.323,-10.51,-4.96,5,13,5,9,5,12,2135,2253,,1255,808,1805,0.448,210,650,0.323,309,426,0.725,306,1086,390,214,105,449,568,
301,Tennessee State,30,15,15,0.5,-5.34,-2.98,10,8,9,5,6,9,1997,2010,,1220,669,1574,0.425,223,664,0.336,436,590,0.739,261,989,326,213,86,442,563,
302,Tennessee Tech,33,19,14,0.576,-5.83,-3.54,10,8,11,3,5,10,2413,2388,,1325,844,1924,0.439,242,697,0.347,483,710,0.68,334,1174,471,252,107,471,649,
303,Tennessee NCAA,35,26,9,0.743,18.2,10.12,13,5,13,2,8,4,2584,2301,,1410,885,2012,0.44,273,718,0.38,541,715,0.757,404,1262,550,222,156,422,680,
304,Texas A&M-Corpus Christi,29,11,18,0.379,-12.3,-6.56,8,10,7,6,4,11,1963,2057,,1170,691,1589,0.435,149,437,0.341,432,603,0.716,292,1005,323,197,84,461,606,
305,Texas A&M NCAA,35,22,13,0.629,15.3,10.62,9,9,13,3,4,7,2631,2467,,1400,976,2121,0.46,230,700,0.329,449,679,0.661,429,1450,538,191,208,476,574,
306,Texas-Arlington,34,21,13,0.618,2.2,-1.43,10,8,13,2,4,10,2640,2500,,1365,927,2054,0.451,294,818,0.359,492,713,0.69,375,1333,545,229,143,507,617,
307,Texas Christian NCAA,33,21,12,0.636,16.38,9.68,9,9,15,3,3,7,2708,2487,,1345,979,1973,0.496,274,694,0.395,476,674,0.706,363,1200,615,214,119,419,553,
308,Texas-El Paso,31,11,20,0.355,-5.3,-0.2,6,12,9,8,2,8,2094,2197,,1240,754,1736,0.434,224,667,0.336,362,541,0.669,216,1035,328,129,89,381,576,
309,Texas-Rio Grande Valley,33,15,18,0.455,-7.71,-2.84,6,8,9,7,6,10,2490,2584,,1330,833,2061,0.404,205,663,0.309,619,835,0.741,379,1240,499,253,110,447,724,
310,Texas-San Antonio,35,20,15,0.571,-1.24,-0.93,11,7,12,4,6,8,2740,2628,,1405,972,2224,0.437,353,979,0.361,443,656,0.675,374,1394,492,218,95,440,703,
311,Texas Southern NCAA,36,16,20,0.444,-7.53,-5.53,12,6,8,2,5,17,2787,2859,,1450,925,2111,0.438,280,781,0.359,657,906,0.725,368,1301,438,207,144,453,631,
312,Texas State,33,15,18,0.455,-5.83,-3.44,7,11,7,7,6,9,2190,2172,,1330,773,1782,0.434,214,648,0.33,430,651,0.661,363,1144,448,179,92,442,543,
313,Texas Tech NCAA,37,27,10,0.73,19.38,9.6,11,7,17,1,4,6,2759,2397,,1490,964,2096,0.46,252,702,0.359,579,823,0.704,396,1332,506,262,154,454,669,
314,Texas NCAA,34,19,15,0.559,13.96,10.67,8,10,13,4,3,7,2450,2338,,1410,882,2010,0.439,245,766,0.32,441,663,0.665,358,1217,393,209,167,399,547,
315,Toledo,34,23,11,0.676,2.65,-1.75,13,5,12,4,9,6,2687,2532,,1360,913,1953,0.467,327,815,0.401,534,725,0.737,319,1253,528,127,135,395,541,
316,Towson,32,18,14,0.563,-0.14,-3.14,8,10,10,4,4,9,2446,2279,,1300,889,1905,0.467,210,582,0.361,458,667,0.687,398,1219,381,209,139,405,633,
317,Troy,33,16,17,0.485,-1.5,-2.11,9,9,10,4,4,10,2475,2408,,1330,848,1930,0.439,292,866,0.337,487,662,0.736,319,1194,435,165,124,408,570,
318,Tulane,31,14,17,0.452,1.21,2.08,5,13,9,7,3,8,2269,2296,,1250,800,1779,0.45,232,663,0.35,437,613,0.713,294,1068,483,155,126,409,557,
319,Tulsa,31,19,12,0.613,4.96,2.38,12,6,13,2,4,7,2277,2197,,1255,754,1730,0.436,247,710,0.348,522,720,0.725,346,1177,391,139,68,399,495,
320,UCLA NCAA,33,21,12,0.636,12.07,6.86,11,7,14,2,3,7,2679,2507,,1350,927,2014,0.46,310,813,0.381,515,715,0.72,335,1283,495,184,131,399,592,
321,Utah State,34,17,17,0.5,2.31,2.65,8,10,11,4,2,12,2489,2466,,1365,865,1904,0.454,317,870,0.364,442,627,0.705,290,1132,473,170,68,441,617,
322,Utah Valley,34,23,11,0.676,5.08,-1.76,10,4,16,1,6,9,2657,2310,,1365,926,1919,0.483,267,692,0.386,538,725,0.742,351,1297,548,203,140,474,560,
323,Utah,35,23,12,0.657,11.4,6.4,11,7,15,3,6,6,2571,2396,,1410,876,1903,0.46,322,870,0.37,497,655,0.759,266,1174,532,180,115,414,567,
324,Valparaiso,32,15,17,0.469,0.63,0.93,6,12,8,4,3,12,2252,2182,,1280,781,1741,0.449,213,624,0.341,477,674,0.708,294,1115,399,235,105,469,678,
325,Vanderbilt,32,12,20,0.375,8.52,10.14,6,12,11,7,1,10,2316,2368,,1290,775,1775,0.437,289,819,0.353,477,642,0.743,311,1080,392,154,108,379,632,
326,Vermont,35,27,8,0.771,4.89,-3.17,15,1,12,2,12,5,2587,2277,,1400,879,1806,0.487,260,650,0.4,569,755,0.754,269,1160,467,134,89,388,528,
327,Villanova NCAA,40,36,4,0.9,26.64,10.24,14,4,12,1,9,3,3463,2807,,1615,1220,2440,0.5,464,1158,0.401,559,718,0.779,380,1435,655,259,162,426,645,
328,Virginia Commonwealth,33,18,15,0.545,3.55,2.42,9,9,11,7,5,5,2507,2470,,1335,921,2013,0.458,274,778,0.352,391,566,0.691,342,1203,510,210,93,446,561,
329,VMI,30,9,21,0.3,-15.43,-4.25,4,14,6,8,3,12,1954,2214,,1200,688,1729,0.398,225,704,0.32,353,477,0.74,283,1028,355,221,87,442,539,
330,Virginia Tech NCAA,33,21,12,0.636,14.35,6.72,10,8,14,4,6,5,2634,2382,,1335,931,1865,0.499,289,745,0.388,483,681,0.709,244,1078,542,192,74,395,523,
331,Virginia NCAA,34,31,3,0.912,22.21,9.07,17,1,16,1,10,1,2283,1836,,1365,848,1844,0.46,247,645,0.383,340,451,0.754,282,1099,458,232,124,290,480,
332,Wagner,33,23,10,0.697,-3.19,-6.9,14,4,16,1,7,9,2448,2256,,1325,839,1962,0.428,269,769,0.35,501,705,0.711,446,1290,441,218,129,451,729,
333,Wake Forest,31,11,20,0.355,7.76,8.79,4,14,7,9,3,8,2273,2305,,1240,801,1826,0.439,241,644,0.374,430,583,0.738,337,1108,432,181,109,407,604,
334,Washington State,31,12,19,0.387,0.67,5.22,4,14,8,8,1,10,2270,2411,,1250,801,1795,0.446,341,905,0.377,327,444,0.736,258,1009,450,163,71,421,532,
335,Washington,34,21,13,0.618,7.65,6.06,10,8,16,4,4,6,2535,2481,,1375,900,1963,0.458,230,664,0.346,505,720,0.701,328,1114,398,274,177,453,640,
336,Weber State,31,20,11,0.645,0.01,-2.88,13,5,12,3,7,4,2434,2195,,1255,846,1723,0.491,280,673,0.416,462,602,0.767,182,1040,430,161,120,368,551,
337,West Virginia NCAA,37,26,11,0.703,19.88,9.36,11,7,14,3,5,5,2964,2575,,1485,1036,2374,0.436,322,911,0.353,570,744,0.766,513,1401,561,301,192,420,798,
338,Western Carolina,32,13,19,0.406,-11.9,-1.63,8,10,8,5,3,12,2190,2419,,1280,774,1885,0.411,234,703,0.333,408,597,0.683,371,1101,427,254,92,476,561,
339,Western Illinois,28,12,16,0.429,-11.07,-2.28,3,11,11,5,1,10,2012,2009,,1135,749,1607,0.466,188,527,0.357,326,456,0.715,196,990,308,136,109,350,432,
340,Western Kentucky,38,27,11,0.711,11.08,3.65,14,4,14,3,9,5,2979,2674,,1525,1075,2183,0.492,206,587,0.351,623,869,0.717,369,1356,515,271,140,441,569,
341,Western Michigan,32,17,15,0.531,-2.22,-1.99,9,9,10,6,6,7,2402,2349,,1285,845,1926,0.439,233,678,0.344,479,659,0.727,356,1130,405,209,100,342,559,
342,Wichita State NCAA,33,25,8,0.758,16.58,5.46,14,4,13,3,9,2,2731,2364,,1330,957,2009,0.476,300,787,0.381,517,700,0.739,404,1335,610,154,127,385,580,
343,William & Mary,31,19,12,0.613,-1.36,-1.32,11,7,11,3,7,8,2636,2531,,1255,910,1782,0.511,337,777,0.434,479,591,0.81,209,1017,548,174,125,382,530,
344,Winthrop,31,19,12,0.613,-1.63,-5.84,12,6,11,3,7,9,2464,2219,,1240,859,1801,0.477,296,790,0.375,450,623,0.722,281,1124,455,211,144,429,539,
345,Wisconsin,33,15,18,0.455,10.38,9.5,7,11,11,7,3,8,2206,2177,,1325,793,1770,0.448,216,644,0.335,404,578,0.699,299,1010,411,180,117,353,543,
346,Wofford,34,21,13,0.618,-0.96,-2.45,11,7,12,5,7,7,2578,2405,,1360,901,1906,0.473,357,865,0.413,419,538,0.779,272,1099,521,220,88,413,585,
347,Wright State NCAA,35,25,10,0.714,0.58,-3.64,14,4,14,2,8,7,2500,2307,,1410,873,2019,0.432,237,703,0.337,517,723,0.715,354,1267,460,231,77,459,558,
348,Wyoming,33,20,13,0.606,4.26,3.54,10,8,13,4,5,7,2633,2597,,1365,873,1959,0.446,304,881,0.345,583,790,0.738,231,1148,518,215,130,449,654,
349,Xavier NCAA,35,29,6,0.829,19.08,9.45,15,3,17,1,9,2,2953,2616,,1415,1011,2055,0.492,274,736,0.372,657,843,0.779,340,1342,579,205,109,441,602,
350,Yale,31,16,15,0.516,-4.19,-2.83,9,5,9,3,7,11,2312,2288,,1250,831,1796,0.463,252,762,0.331,398,551,0.722,275,1052,507,204,95,407,541,
351,Youngstown State,32,8,24,0.25,-13.66,-2.56,6,12,6,6,2,13,2410,2647,,1290,902,2110,0.427,235,712,0.33,371,583,0.636,457,1159,445,266,126,460,672,
